first_name,last_name,email,phone,address,company
Christy,Griffith,kelleymichelle@example.net,(961)571-6338x274,"64284 Samuel Knoll Jessicafort, AZ 80446","Rodriguez, Wilson and Flores"
Emily,Johnson,ysmith@example.com,001-518-289-6675x449,"301 Walton Meadows New Crystal, MP 49245","Martinez, Walls and Alexander"
Angela,Proctor,pettylori@example.org,(384)243-4008x041,"151 Burgess Flats West Frances, KS 83652",Hayden-Johnson
Garrett,Adams,wanda79@example.net,+1-527-347-2899x2185,"054 Alfred Trace Barbaraburgh, GA 76366",Washington and Sons
Abigail,Malone,harrisonjeremy@example.com,001-735-755-9335x82205,"054 Cynthia Parkways Apt. 423 North Marychester, NC 96395",Wyatt-Campbell
Melissa,Garcia,joshua13@example.net,212-325-6042x856,"7957 Monroe Mall Apt. 325 Jonesborough, NC 48533","Costa, Roman and Byrd"
Melissa,Hardin,johnlopez@example.net,(282)691-9195,"61312 Sylvia Route Suite 871 East Sheliaview, OR 47554",Hale-Mendoza
Joseph,Diaz,yjohnson@example.net,001-236-813-4861x48536,"670 Todd Lakes Tylerbury, WA 29356",Kelley Ltd
Matthew,Peck,danielpoole@example.org,620-244-7169x0373,"35983 Chapman Fords Margaretbury, AS 54949",Franco-Carpenter
Justin,Smith,elizabeth98@example.org,743-301-4376,"PSC 0931, Box 6120 APO AP 35375","Serrano, Collins and Martinez"
Tina,Williams,hgriffith@example.org,(279)560-1627x072,"0123 Davidson Shoals Suite 899 Lake Nancy, CT 16228","Brooks, Thompson and Thomas"
Andrew,Lambert,ybailey@example.net,(861)275-2299x1004,"900 Jamie Corners North Colleenburgh, ND 78670",Weiss and Sons
Kenneth,Barrera,pcarpenter@example.org,547-921-9922x88894,"72880 Byrd Lake Suite 479 Scottland, CT 46376",Vang-Williams
Tyler,Sandoval,madison01@example.net,5996415260,"869 Brown Road Suite 891 Ninabury, PA 20407","Fernandez, Coleman and Harris"
Kelsey,Mclaughlin,dgonzalez@example.com,461-837-1271x730,"8474 Page Inlet Bakerfort, WY 91387",Evans-Clark
Mary,Pruitt,ramirezrachael@example.org,+1-623-818-4748x473,Unit 2991 Box 4397 DPO AA 16570,Hinton Ltd
Maria,Ross,richardsolomon@example.org,949-803-9324x875,"044 Wells Ford Suite 898 Lake Juan, KS 36069","Mcclure, Martin and Mann"
Sarah,Gardner,justin31@example.com,243-648-4281x8688,"559 Joel Groves Suite 478 Rebeccaport, MI 40869",Anderson LLC
Jose,Diaz,jlee@example.net,(475)612-6974x099,"652 Griffin Villages Monicamouth, DC 23331",Sanchez Inc
Jeremy,Rodriguez,kabbott@example.org,+1-364-578-6189x952,"01812 Stacie Tunnel Apt. 024 North Kevin, HI 66113",Barnes-Hernandez
Alan,Briggs,ndiaz@example.net,+1-332-476-7383x95740,"3900 Perez Pike Apt. 678 South Jameschester, LA 52428","Hess, Kelly and Mcdonald"
Linda,Owens,danielscody@example.org,958.732.6693,"551 Figueroa Path North Jacobmouth, WI 61958","Hart, Porter and Todd"
Hannah,Lindsey,jasonvillegas@example.net,469-365-1579x255,"345 Harris Plain South Susanburgh, FM 53911","Jackson, Mills and Holmes"
Nathan,Lawson,fhardin@example.org,(582)457-8916x07025,"6208 Emily Turnpike Lake Ashley, OK 66177","Freeman, Horton and Jones"
Ricardo,Young,wrightcynthia@example.com,2926496189,"68578 Ellis Grove Lake Robertoside, DE 94037",Smith LLC
Michele,Aguilar,charlesbates@example.net,+1-822-477-7065x51310,USNS Mccoy FPO AA 09018,"Moyer, Hicks and Leach"
Haley,Stevens,markwalton@example.net,+1-719-634-9663x82399,"695 Weiss Park Heathermouth, ND 02705",Escobar Inc
Adam,Cain,munozsamantha@example.net,423-866-0347,"408 Roberts Circle Apt. 861 West Madeline, VA 28899",Campos PLC
Justin,Daniels,michellebrown@example.net,498.615.2235x9006,"57391 Jessica Harbor Michaelside, IN 31611","Bennett, Morgan and Howe"
Matthew,Armstrong,christopher65@example.net,555-914-0485x1524,"909 Kim Flat Apt. 013 Port John, AS 62641","Becker, Garcia and Pearson"
Gloria,Hendrix,jonesaustin@example.net,001-555-948-4550x6255,Unit 8419 Box 9732 DPO AA 55264,Gallagher-Parks
Ricardo,Atkinson,fwilliams@example.net,894-730-6339,"2600 Taylor Trail South Daltonshire, DE 09508",Smith Inc
Samantha,Frank,lewisdavid@example.com,001-544-733-6438x70817,"78394 Walker Isle West Tim, MI 83447",Jones Group
Mark,Mercer,leetroy@example.org,676-880-4632,"4731 Emily Port Suite 919 Lake Gregoryshire, KY 34503","Cox, King and Crawford"
Rebecca,Myers,xhamilton@example.net,001-653-440-2862x57734,"6778 Larry Pass Suite 852 South Michaelton, GA 83213",Herman PLC
Jacqueline,Khan,klinetony@example.org,001-544-280-0542x4379,"4164 Sabrina Lakes Christopherview, VI 08933",Simmons-Day
Lisa,Smith,smithdavid@example.org,472.916.4868x59846,"4923 Hanson Lakes East Amandastad, MI 05256",Phillips-Hernandez
David,Garcia,thompsonedward@example.com,+1-611-334-2066x5600,"144 Cynthia Mountain Suite 205 Lake Brittanychester, IA 35622","Mccormick, Joseph and Lewis"
Joseph,Carr,robertlynch@example.org,916-426-7584x027,"5276 Todd Points Suite 039 Lake Suzanneville, DC 09008",Cook-Berry
Peggy,Medina,valerie48@example.com,782.764.5538,"6750 Graham Stream Suite 067 Victoriafort, NH 99397",Brooks PLC
Brian,Wallace,taylorronald@example.org,6079721168,"702 Jason Points West Nancymouth, MS 65303",Weaver-Jones
Jacqueline,Barr,gmiller@example.net,+1-751-618-5206x1929,"45025 Craig Road Lisaburgh, GU 30200",Petersen-Horn
Briana,Phillips,glogan@example.net,+1-758-270-5504x8707,"559 Krueger Tunnel Nixonfort, MT 24406",Todd-Brady
Sonya,Travis,ryang@example.net,001-725-918-1253x42152,"787 Jesus Springs Luisberg, NH 15179",Solomon-Parker
Evan,Quinn,michael47@example.com,001-427-642-3042x05064,"4015 Lisa Lodge New Julie, NM 63198","Holland, West and Clark"
Kaitlyn,Gilbert,andrewerickson@example.org,7325257658,"7926 Amy Forest Cisnerosport, OK 73470","Pham, Griffin and Soto"
Lori,Reilly,mooretammy@example.org,(467)541-3061,"866 Floyd Crescent Suite 295 Walterburgh, CO 04041",Cantu Group
Kevin,Donaldson,karl11@example.org,822-381-1094x58697,"174 John Glens Apt. 637 Zunigaview, NV 25936",Francis and Sons
Anthony,Roach,whitegregg@example.net,(680)916-6430,"084 Blackwell Wall Apt. 220 Crystalland, GU 71937",Burgess-Ortega
Mary,Chavez,pluna@example.com,(829)568-6349,"69560 Margaret Fork Suite 938 Peterborough, NY 01064",Fitzpatrick-Murray
Alexandria,Haas,jbrown@example.com,+1-415-448-5579x065,"00102 Bauer Valley West Kevin, GA 12760",Marsh-Ramos
Stephen,Figueroa,nicolemurphy@example.org,201.495.8361,"87565 Brown Corner Lake Erinmouth, PA 80302",Hogan-Weaver
Amanda,Charles,jeffery44@example.org,001-461-501-7912x292,"PSC 6639, Box 3289 APO AA 17010",Sanchez-Norman
Kimberly,Hardin,jamesgreene@example.org,(423)922-2975x74285,"74253 Todd Islands Mendozaview, IA 13966",Velez and Sons
Monica,Morris,ashley80@example.com,+1-545-436-2938x88760,"191 Hudson Alley Apt. 911 East Jennifer, DC 55015",Williams LLC
Richard,Black,gregory62@example.net,001-220-352-0330x15440,"0710 Vasquez Junctions Morganport, AZ 67779","Cooper, Conrad and Fox"
Connie,Trevino,rsmith@example.org,+1-763-848-8608,"609 Martin Ferry Suite 967 Anthonyside, SC 03970","Kennedy, Pearson and Andrews"
Teresa,Andrews,jessica69@example.org,(468)391-6759,"720 Ryan Grove Suite 534 Garciafurt, MD 52684","Pugh, Murillo and Bowen"
Vanessa,Gardner,deanna13@example.org,605.798.3948,"145 Bryan Mountain Gilmoremouth, OK 36040",Williamson Inc
Shaun,Mack,linda72@example.net,(842)559-5606x7054,"82656 French Square South Ian, HI 49946",Chaney Ltd
Christopher,Cardenas,smithaaron@example.com,947.758.5893x9094,"83128 Cole Causeway Garyville, FM 69916","Kelly, Marquez and Mcdaniel"
Michael,Williams,thomas95@example.net,257.922.0471,"6886 Kristin Alley Apt. 203 New Emilymouth, AS 37239",Rowe-Johnson
Laura,Rice,roberthess@example.net,293.357.4027,"494 Haynes Bypass Tanyafort, AL 49968",Norris-Santos
Kevin,Montgomery,martha73@example.org,(976)446-5655,USNV Leonard FPO AA 19007,Craig-Nichols
Evan,Wright,shannonschwartz@example.com,543-986-1357x83533,"926 Hughes Plain Oliverfort, MN 93588",Sweeney-Savage
Linda,Lowe,davidgarcia@example.net,930.456.9822,"646 Steven Plaza Suite 270 Port Jeffreybury, AL 31492",Peterson-Craig
Heidi,Johnson,pfreeman@example.org,001-442-553-7993,"4160 Daniel Ports Lake Sharonmouth, FL 91714",Heath and Sons
Danny,Sloan,carrjohn@example.com,398.842.7140,"PSC 7699, Box 8067 APO AP 89881","Elliott, Webster and Morgan"
Christopher,Marsh,kjohnson@example.com,(606)493-1703,"86730 Scott Lake Port Michael, WI 57285",Cooper Inc
Kimberly,Martin,eric62@example.net,236-890-7037x6370,"413 Candace Circle South Leslieborough, MS 42017",Taylor Group
Eric,Lawson,brianhess@example.com,(645)561-6465x2830,"4029 Larry Village Suite 584 North Kathleenmouth, VA 28744","Barrett, Schultz and Aguilar"
Matthew,Archer,taylorsusan@example.org,427-828-6440,"8113 Thompson Point Suite 089 Port Scott, CA 30711",Duncan Inc
Matthew,Schneider,anthonyparker@example.com,803-361-9417x1203,USNV Castillo FPO AP 37935,Clark-Nielsen
Brian,Peterson,bradrodriguez@example.org,(877)971-8682,"227 Norris Land Apt. 718 Christopherburgh, OR 45798",Thompson PLC
Mark,Hall,ashleyblack@example.net,+1-954-743-8903x2124,"18459 Rogers Loaf Apt. 094 East Ronald, MT 59951",Kidd-Guerra
James,Everett,adam25@example.org,2653634180,"125 Elizabeth Parkways Apt. 975 East Jamieville, UT 16513",Salazar-Horn
Jessica,White,melissa81@example.com,+1-414-852-4035x12660,"7815 Richard Union Careychester, VT 26134",Flores Ltd
George,Bauer,bschroeder@example.org,001-968-238-3863x143,"00080 John Villages Suite 194 East Jason, AL 73069",Thomas Group
Jennifer,Clark,patrick62@example.net,(824)439-4727,"920 Kevin Greens Hillstad, DC 92469",Holt and Sons
Kevin,Flynn,wramirez@example.net,2983941807,"6458 Anthony Spur Kimbury, GA 99243",Goodwin-Krause
Melissa,Martinez,derek51@example.com,(788)671-9373x73170,"29651 Mariah Stream South Stephanie, KY 50244",Noble-Moore
Gina,Brown,abigail20@example.net,945-700-0881,"PSC 7628, Box 3457 APO AE 44615",Nelson Ltd
Barry,Floyd,ashleyjimenez@example.org,630-715-8956,"0852 Andrew Drive New David, UT 64053","Peterson, Walker and Lawrence"
Linda,Romero,carrillogeoffrey@example.com,204.663.5464x12433,"08191 Lawson Terrace Apt. 113 Kristinebury, NJ 04147",Williams-Torres
Christina,Lee,zaustin@example.net,(522)429-6579x849,"40213 Tony Crossing Phamland, MN 10429","Fisher, Rodriguez and Weaver"
Michael,Hanson,richard03@example.org,819.419.7932x842,"53682 Kyle Island West Juliastad, IA 87026","Kelly, Wong and Vasquez"
Joshua,Clark,kristie38@example.net,534.928.4016x124,"454 Miller Mission Johnmouth, VI 97721",Murray-Randolph
Pamela,Barnett,moralesmadeline@example.com,+1-899-669-4076x546,"38595 Shaw Radial Apt. 605 Skinnerborough, TN 55797",Jones Inc
Andrea,Herman,normankyle@example.org,986.922.1847x618,"1737 Sheila Drive Lake Aaron, KS 14536",Schaefer-Chang
Sheila,Wilson,danajones@example.org,+1-961-546-1433x04275,"78839 Douglas Well West Kristin, MD 09919",Torres and Sons
Carla,Long,dominique38@example.com,(779)374-5816,"07489 White Pike Apt. 852 New Rebeccaport, WV 02648","Hill, Mercer and Hartman"
Wesley,Gray,johnsonscott@example.net,871.597.5615x5144,"208 Parsons Orchard West Brandiburgh, AK 56236",Boyd Ltd
Ann,Green,rhull@example.net,(220)741-2348x292,USS Wilkins FPO AE 26867,"Terry, Parker and Taylor"
Crystal,Bowman,hernandeztracie@example.com,+1-461-489-8505x12760,"9378 Bryant Bridge Mcdanielburgh, RI 19899",Gill-Owens
Michael,Gutierrez,garycarney@example.org,(561)346-8521,Unit 8379 Box 5523 DPO AA 21641,"Stephenson, Edwards and Kaufman"
Alexander,Santiago,christian72@example.org,+1-795-453-4612x832,"007 Mark Roads Apt. 176 Port Jared, PW 57431",Hernandez Group
Jessica,Montes,lindseyjames@example.net,722-555-6063x49981,USS Kaiser FPO AA 15391,Perez Ltd
Bobby,Terry,xpennington@example.com,001-460-862-6658x2201,"22154 Hernandez Pine Farmerton, ND 12064",Cooper Ltd
Gary,Gould,velezjessica@example.org,(910)515-2598,"453 Alexander Spur Suite 458 South James, SC 69135",Jones-Martin
Shirley,Robinson,joshuamullins@example.com,001-616-938-6647,"2633 Michelle Fork Lake Debrabury, CO 63992",Johnson-Johnson
Cindy,Mccormick,harrisscott@example.com,227-206-7956,"0506 Wilson Stream Lake Elizabethside, MT 69293",Russell Inc
David,Hayes,jay21@example.com,(806)987-4344x793,"020 Gaines Viaduct Emilyhaven, OR 94669",Moody-Moore
Robert,Reyes,priceemily@example.org,993.236.0144x8389,USNV Graves FPO AE 31608,Barrera-Griffin
Kristen,Hartman,gdavis@example.net,(910)877-1540x984,"968 Madeline Ports Suite 957 New Chad, AK 10667",Davis-Craig
Gina,Avila,kennethwhite@example.org,(513)267-8609,"6165 Gomez Avenue Apt. 004 Torresberg, CT 29536","Sharp, Mcdonald and Perez"
Krista,Hernandez,esmith@example.org,+1-912-660-7076x143,"17476 Thomas Ports Apt. 324 Marshstad, MN 24072",Fuller-Travis
Peggy,Turner,amyoconnor@example.net,001-753-543-5310x7716,"00630 Angela Coves Darrylhaven, ME 64594",Brown PLC
David,Thompson,ryanmcclain@example.com,001-949-353-1565x4487,"491 Freeman Center Apt. 265 Walshborough, OK 99695",Byrd-Crane
Marcus,Fisher,qschmitt@example.com,590-406-4057,"957 Michael Islands Thomashaven, KS 57550","Williams, Ruiz and Maldonado"
Catherine,Poole,hbush@example.org,583.555.5284,"1289 Sara Mountain Davisfurt, IA 13709",Torres Group
Adam,Hamilton,reynoldsjasmine@example.org,932.691.9257x49580,"605 Kimberly Centers Suite 662 North Mistymouth, ME 14095",Barr-Lopez
Shelley,Farmer,alyssajones@example.com,308-521-6505,"12357 Rachel Plaza Port Coreyfurt, VT 98585",Goodwin-Stevens
Tristan,Fuller,tortega@example.net,203-399-5525x49468,"77156 Leonard Pine Buckleyfurt, AL 54148",Pratt LLC
Brianna,Thomas,ochristian@example.net,568.435.3152,"85522 Spencer Knolls Apt. 456 New Roger, OH 28673",Taylor-Walker
Tracy,Gonzalez,mwhite@example.org,001-440-555-8028,"152 Thomas Avenue North Daletown, VT 33727",Perry-Brooks
Brian,Neal,wattsgregory@example.net,718.292.5770,"2879 Baker View Warrenbury, AZ 40810",Maynard LLC
Austin,Crawford,janetchen@example.com,001-437-771-6237x047,"17108 Adam Square Suite 251 Port Jeanberg, WI 18417",Williams-Clark
Aaron,Hernandez,dhodge@example.net,+1-668-999-3388x522,"91782 Tammy Points Amandaborough, MA 75015",Nichols-Patterson
Amber,Finley,jesse13@example.com,971-580-9882x0656,"173 Graham Prairie Nguyenville, IL 98251",Reyes Group
Erica,Reynolds,irocha@example.net,001-631-503-9632x0090,"0021 Bautista Knoll Glassside, KY 06774",Garcia PLC
Katherine,Henderson,briancarr@example.net,+1-833-978-4804,"384 Roger Island Suite 782 Bradfordfort, GA 52244",Wolfe-Hughes
Stephen,Medina,alexis21@example.com,001-914-962-2805,"9706 Johnson Roads Suite 362 Jerrystad, RI 38351",Gomez Group
Nicholas,Jenkins,sawyeramanda@example.com,854-539-3231,"76691 White Pass Klineshire, AS 06782","Rush, Alvarez and Myers"
Linda,Oconnell,angelelliott@example.net,693-600-4279x6266,"38194 Matthew Harbors Apt. 066 Port Abigailside, MD 12709","Powell, Logan and Manning"
Thomas,Douglas,haileydaniels@example.com,742.763.6611x4218,"8100 Deborah Mountains Lake Laura, AZ 61527","Guerra, Dean and Hernandez"
Stephanie,Jones,wilsonbrandon@example.com,296-505-3420,"3269 Day Key Suite 532 Ericburgh, AK 68955",Miller Inc
Cathy,Perkins,danielleestrada@example.com,8566197660,"439 Sharon Lodge Apt. 116 North Vickie, NM 72865","Crane, Reyes and Roberson"
Barbara,Myers,andrea71@example.org,822.256.4529x86910,"2842 Michelle Branch Apt. 980 East Taylorview, MP 68363",Wallace-Chen
Jason,Smith,allentraci@example.org,537.690.9588,"808 Isaac Common New Lawrenceton, SC 13238","Hernandez, Washington and Bailey"
Alex,Costa,mcculloughjessica@example.org,001-225-361-7708,"13530 Sherry Road Apt. 901 Scottfurt, NM 18851",Barry Inc
Beverly,Johnson,jperez@example.org,(480)925-7850,"451 Parker Center Henryland, OK 92446",Sharp PLC
Daniel,Rich,qdrake@example.com,001-963-404-1407x946,"385 Morrow Walk Port Michaeltown, UT 42991",Hardin Ltd
Scott,Stewart,willie53@example.net,474-337-8643x9301,"PSC 2695, Box 1624 APO AP 56232",Roberts Ltd
Amy,Mcmillan,mitchellkeith@example.net,881-882-6804,"7944 Valerie Brooks West Christopher, OK 14727",Pruitt-Boyd
Nicholas,Cobb,iblair@example.org,+1-803-942-4631x58436,"611 Mindy Union Apt. 830 South Benjamin, ME 19830","Valdez, Rich and Alexander"
Emily,Carter,susangilbert@example.org,+1-543-760-1361,"7657 Mitchell Mount Suite 461 Robertbury, ME 65783",Tucker Group
David,Paul,jonesannette@example.com,+1-775-864-7362x086,"5818 Valerie Brooks Garciamouth, OR 77186",Walsh PLC
Scott,Dunn,moramonica@example.net,985-287-8269x5333,"23369 Zhang Points Wigginsborough, IL 51366","Combs, Johnson and Ayala"
Anthony,Waters,stephensonkevin@example.org,6034135450,"601 Megan Burg Apt. 982 Lake Joshua, KY 21696","Diaz, Woods and Sanchez"
Jesse,Stewart,yfranklin@example.org,(962)940-8723,"PSC 1783, Box 3218 APO AE 08685",Ramirez-Golden
Samantha,Harvey,ljohnson@example.net,377-613-0273x383,"55442 Kennedy Corners Apt. 515 Cherylville, LA 12486","Chan, Smith and Smith"
Kristen,Miller,ashley07@example.net,+1-287-713-4111x26469,"45635 David Fields Baldwinton, PW 20426","Cook, Alvarez and Jordan"
Diana,Scott,justin56@example.com,957-283-1736x710,"4992 Mayer Burg Suite 114 East James, VA 94911",French Group
Deborah,Phillips,jason19@example.org,+1-427-377-2578x44457,"82006 Robert Trafficway Jeffreyfurt, GA 98909",Ward-Owens
Anthony,Moore,elizabethstone@example.net,+1-626-578-7253x038,"683 Mcdaniel Forge Timothybury, NH 31348","Schroeder, Barton and Sloan"
Daniel,Williams,chrisbailey@example.net,885-352-6510x078,"3387 Martinez Stream Apt. 941 East Jimmy, CA 41674",Lloyd Group
Olivia,Silva,bradleyjohn@example.org,299-938-2522,"16178 Miller Junctions Apt. 853 Ashleymouth, NM 55511",Rowland-Hayes
Ashlee,Jones,jimenezanna@example.net,+1-476-579-3519x23217,"9648 Ortiz Shores New Craig, KS 03804",Turner-Butler
Lucas,Brown,fbrown@example.org,925-901-6975x9043,USNV Reeves FPO AE 10794,Flores-Morris
Kevin,Gonzales,christopherrobinson@example.org,796-521-1027,Unit 2772 Box 0708 DPO AP 44049,"Anderson, Solis and Mills"
Richard,Powers,michael44@example.com,823.939.6379x604,"4161 Tammy Valley Apt. 878 Kimberlyberg, WY 64659",Sanchez-King
Jason,Roberts,bgregory@example.net,482.685.2181x239,"8743 Odonnell Mountain West Jimmy, ID 14005",Davis LLC
Rebecca,Diaz,eric27@example.org,763.504.8375x2860,Unit 9471 Box 9176 DPO AE 88604,Young-Johnson
Linda,Miller,lynn55@example.com,947.558.3226x43085,"97162 Smith Plaza Suite 724 West Anthony, WI 98808","Burch, Gomez and Williams"
Patrick,Prince,ocruz@example.com,(489)285-8433x68637,"4399 Williams Springs Suite 799 Perryside, OH 31944",Sanchez-Johnson
David,Mendoza,gbailey@example.org,+1-745-678-9409x0604,"3142 Jill Burg Hernandeztown, GA 72136",Jensen PLC
Robert,Mosley,daniel71@example.net,(641)748-3122,"67825 Rodriguez Turnpike Apt. 238 New Jennifer, WV 02144",Garrison-Osborne
Juan,Hart,paulortega@example.com,588-673-6061x439,"293 Brenda Land Apt. 744 Donnaton, MA 86462","Walker, Foster and Peters"
Alison,Stewart,ericchan@example.org,+1-714-768-7519x681,"665 Tucker Crest Apt. 669 East Nicoleview, AS 13298","Moyer, Patrick and Underwood"
Thomas,Reed,bryan79@example.net,3946201812,"788 Kristen Station Apt. 157 Briannamouth, MA 17080","Lewis, Bullock and Harrington"
Steven,Turner,kenneth72@example.com,+1-626-820-8903x82634,"058 Lauren Fall Port Kennethstad, ND 49826","Ford, Reed and Hughes"
Jesus,Evans,keithgonzales@example.com,3755511431,"37007 Davis Road Suite 315 Jesusborough, MH 59181","Henderson, Johnson and Walsh"
Rachel,Tanner,ian39@example.org,229.856.6414,"31634 Maurice Island Suite 868 Mcleanstad, SD 87191","Roberts, Good and Buchanan"
Jennifer,Parker,deantroy@example.com,001-703-817-3688x5775,"070 Sullivan Field West Henryburgh, WA 59335",Harris-Bush
Timothy,Patterson,garciarachel@example.net,392-841-9540x4354,"9230 Raymond Freeway Apt. 179 South Bryanfort, NH 23548",Harris Group
Christine,Armstrong,zimmermanjustin@example.net,748-738-6710x9534,"16095 Young Stream East Stephaniefort, DC 40751",Townsend and Sons
Katrina,White,crystal84@example.org,7912842963,"1529 Chelsey Fall Suite 181 Lake Jillstad, NM 83066",Shelton-Taylor
Ashley,Allen,grayangela@example.com,+1-955-899-0381x2419,USCGC Wells FPO AA 05678,Mckinney Inc
Heather,Scott,tholden@example.org,(812)201-1263x844,"28742 Becker Harbor Suite 787 Kevinberg, MD 88629",Woods Inc
Andrew,Payne,fmeza@example.org,(572)722-9484x9035,"8485 Melissa Center Apt. 376 New Patrickbury, NJ 84443",Chavez PLC
Kyle,Harris,ann80@example.org,(647)878-5524x14553,"01228 Dennis Cape Greenton, WY 79633",Perez-Whitehead
Deborah,Frey,wpatterson@example.org,+1-250-227-5657,"71254 Watson Mall Lake Charles, ID 94358",Novak LLC
Cindy,Freeman,jameshenderson@example.net,(822)714-8102x48237,"2522 Carlson Greens Port Shelley, WY 58143",Dyer-Bentley
Nicholas,Montgomery,jessicaclark@example.com,837-871-5599x1093,"73109 Murillo Locks East Kathleen, VA 19387",Weaver-Peterson
Daniel,Hamilton,dlucas@example.org,001-735-934-3434x21674,"106 Scott Spur Juanport, PA 06596",Espinoza and Sons
Michael,James,daniel92@example.com,757-293-9245x573,"111 Kevin Via Carolynberg, AL 93934",Costa PLC
Lauren,Cabrera,zmorris@example.org,001-776-999-6318x634,"817 Brown Crossroad Thomasview, WV 45088",Ruiz-Duran
Joshua,Woodward,thompsonpatrick@example.org,001-852-968-9095x932,"68849 Suzanne Lake New Alicia, MO 65888",King Inc
Jennifer,Garcia,danielfranklin@example.net,(921)444-4505x2312,"655 Hughes Club Suite 520 Santanaport, OR 82867",Reed Group
Jasmine,Dawson,smithabigail@example.com,(999)898-7368x8697,"11237 Theresa Springs Suite 826 Zacharyside, NH 59571","Davis, Moore and Stokes"
George,Blanchard,icrawford@example.org,(620)869-9191x7559,"033 Jill Grove Smithburgh, AR 67704",Arias Ltd
Paula,Smith,natasha29@example.com,476.604.8816x655,"33419 Scott Village Suite 152 Berrychester, SC 64672","Mitchell, Dixon and Davis"
David,Fowler,jennifer72@example.net,6177118750,"073 Angela Spring Campbellview, SC 41883","Jones, Rios and Rosario"
Matthew,Smith,nancygreen@example.net,+1-755-503-8951x581,"8275 Aguilar Burgs West Destinystad, VA 30781",Watkins-Jones
Brittany,Sawyer,dustinwilliamson@example.org,+1-969-808-0971x18769,"5613 Gonzalez Vista Suite 738 Tammystad, DE 78963","Spence, Gray and Hamilton"
Keith,Cortez,dixonamy@example.com,798.636.9124x06827,"47004 Jeffrey Streets Patrickmouth, WV 07133",Moore-Khan
Stacey,Cunningham,nharrison@example.com,(549)851-4365,"9995 William Stream Suite 177 East Lesliebury, ND 08958",Mckinney-Salazar
Sherry,Guerrero,haasjustin@example.org,001-857-660-2979x15850,"8835 Mandy Street Lisaville, MT 10323","Perry, Howell and Myers"
Angela,Ross,alexa51@example.com,562.587.5181x1966,Unit 7716 Box 2526 DPO AE 20561,Merritt-Reid
Jamie,Reynolds,ngibson@example.net,9288934222,"849 Natalie Summit Suite 304 New William, MD 08242",Owens Inc
John,Carter,jameswright@example.com,001-591-566-7692,"0779 Johnson Knolls Suite 640 South Marieshire, MI 71452",Price-James
Jacqueline,Anderson,adamjohnson@example.org,(608)351-2321x698,"6321 Henderson Points Apt. 964 East Codychester, NJ 10322",Ramos Group
Jennifer,Nolan,hardycynthia@example.org,426-372-5012,"3915 Eric Lock West Shawn, VI 63211","Moore, Hanson and Oneill"
Randy,Reyes,lnguyen@example.net,9562860133,"62551 Nguyen Motorway Apt. 366 Port Brady, KS 05242",Burton Inc
Jeremiah,Velez,castrosara@example.org,864.434.6945x96628,USS Fisher FPO AP 60093,"Oneill, Jones and Price"
Matthew,Vang,stephanielucas@example.net,963-664-3353x05112,"534 Williams Trail Jamesstad, SC 95900","Chavez, Palmer and Bullock"
Leonard,Torres,amandapittman@example.net,+1-331-573-5075x80883,"547 Angel Key New Garrett, AL 52955",Faulkner and Sons
Madeline,Hudson,myerstiffany@example.org,001-750-942-0722x210,"9886 Julie Island New Michelehaven, HI 56118","Anderson, Kennedy and Edwards"
Gregory,Boone,cannondiane@example.org,681-787-1696x859,"560 Jennifer Parkways Suite 737 Allenchester, WA 31255","Hart, Miles and Gonzales"
Warren,Murray,munozsandra@example.org,001-268-605-1437,"153 Love Harbor Apt. 525 Keithfurt, PR 02345","Dillon, Clark and Roman"
